businessName,phone,url
"Benzie Plumbing & Gas","+61417829186","https://helixsolution.au/benzie-plumbing-gas/"
"Bonnie's Emporium","+61403616850","https://helixsolution.au/bonnies-emporium/"
"Brember Carpentry & Joinery","+61426730042","https://helixsolution.au/brember-carpentry-joinery/"
"Cedar & Pine Bar","+61416160244","https://helixsolution.au/cedar-pine-bar/"
"Co-Built Affordable & Sustainable Housing","+61408827357","https://helixsolution.au/co-built/"
"Dantel Electrical","+61421957322","https://helixsolution.au/dantel-electrical/"
"Freedom Mobile Cabins","+61418954447","https://helixsolution.au/freedom-mobile-cabins/"
"Inked Carpentry","+61434252014","https://helixsolution.au/inked-carpentry/"
"KG Solar & Electrical","+61412275711","https://helixsolution.au/kg-solar-electrical/"
"Memory Lane Store","+61431020113","https://helixsolution.au/memory-lane-store/"
"Morris Plumbing","+61418838921","https://helixsolution.au/morris-plumbing/"
"My Home Reno Pty Ltd","+61451223115","https://helixsolution.au/my-home-reno/"
"Nelson Bourke","+61430086864","https://helixsolution.au/nelson-bourke/"
"N&S Plumbing and Gas Solutions","+61423267119","https://helixsolution.au/ns-plumbing-gas/"
"October Massage","+61431240855","https://helixsolution.au/october-massage/"
"Patel Spice Bazar","+61415064004","https://helixsolution.au/patel-spice-bazaar/"
"PB Plumbing and Gas","+61421161664","https://helixsolution.au/pb-plumbing-gas/"
"Retro Whimsy","+61418650165","https://helixsolution.au/retro-whimsy/"
"The Rusty Spud","+61497406592","https://helixsolution.au/rusty-spud/"
"S.E Outdoor Maintenance","+61428150326","https://helixsolution.au/se-outdoor-maintenance/"
"Simon's Painting","+61431062285","https://helixsolution.au/simons-painting/"
"SNIP MOW BLOW Garden Maintenance","+61419214312","https://helixsolution.au/snip-mow-blow/"
"Trueflo Energy & Air","+61439508201","https://helixsolution.au/trueflo-energy-air/"
"Turnkey Auto Detailing","+61477452551","https://helixsolution.au/turnkey-auto-detailing/"
"You Relax 365","+61459467189","https://helixsolution.au/you-relax-365/"
